"Pays";"Nom de l'église";"Ville";"Région EEADCI";"District administratif";"Adresse complète";"Pasteur / Responsable";"Actif"
"Côte d'Ivoire";"Assemblée de Dieu de ABENGOUROU";"ABENGOUROU";"Abengourou";"Comoé";"N/A";"ANZOUAN MARTIN";"Oui"
"Côte d'Ivoire";"Assemblée de Dieu de ABENGOUROU";"ABENGOUROU";"Abengourou";"Comoé";"N/A";"BAMBA LOHI";"Oui"
"Côte d'Ivoire";"Assemblée de Dieu de ABENGOUROU";"ABENGOUROU";"Abengourou";"Comoé";"N/A";"KOUADIO BINI KOFFI";"Oui"
"Côte d'Ivoire";"Assemblée de Dieu de ABENGOUROU";"ABENGOUROU";"Abengourou";"Comoé";"N/A";"N/A";"Oui"
"Côte d'Ivoire";"Assemblée de Dieu de ABENGOUROU";"ABENGOUROU";"Abengourou";"Comoé";"N/A";"BEUGRE LAGAH THEOPHILE";"Oui"
"Côte d'Ivoire";"Assemblée de Dieu de ABENGOUROU";"ABENGOUROU";"Abengourou";"Comoé";"N/A";"N'GUESSAN KONAN DENIS - ASSI N'CHO ANTOINE";"Oui"
"Côte d'Ivoire";"Assemblée de Dieu de ABENGOUROU";"ABENGOUROU";"Abengourou";"Comoé";"N/A";"DOGBE DANIEL MESMIN";"Oui"
"Côte d'Ivoire";"Assemblée de Dieu de ABENGOUROU";"ABENGOUROU";"Abengourou";"Comoé";"N/A";"KONAN N'ZOUE RENE - N'GUESSAN BROUH JSA";"Oui"
"Côte d'Ivoire";"Assemblée de Dieu de ABRONAMOUE";"ABRONAMOUE";"Abengourou";"Comoé";"N/A";"ADJEHODA TIOGBE";"Oui"
"Côte d'Ivoire";"Assemblée de Dieu de AFFALIKRO";"AFFALIKRO";"Abengourou";"Comoé";"N/A";"KOUASSI EHOUNOU ISMAEL";"Oui"
"Côte d'Ivoire";"Assemblée de Dieu de AMELEKIA";"AMELEKIA";"Abengourou";"Comoé";"N/A";"APPIA N'DOUA";"Oui"
"Côte d'Ivoire";"Assemblée de Dieu de ANEYKRO";"ANEYKRO";"Abengourou";"Comoé";"N/A";"YOCOLI KOUAME";"Oui"
"Côte d'Ivoire";"Assemblée de Dieu de ANIASSUE";"ANIASSUE";"Abengourou";"Comoé";"N/A";"KOUADIO BROU";"Oui"
"Côte d'Ivoire";"Assemblée de Dieu de APPOISSO";"APPOISSO";"Abengourou";"Comoé";"N/A";"NIAMIEN BI GOLE PATTERSON";"Oui"
"Côte d'Ivoire";"Assemblée de Dieu de APPROMPRONOU";"APPROMPRONOU";"Abengourou";"Comoé";"N/A";"YAO KOUADIO JEAN MARIE - DOUAYE RICHARD";"Oui"
"Côte d'Ivoire";"Assemblée de Dieu de ASSAKRO";"ASSAKRO";"Abengourou";"Comoé";"N/A";"KOFFI KOUAME MEDARD";"Oui"
"Côte d'Ivoire";"Assemblée de Dieu de BETTIE";"BETTIE";"Abengourou";"Comoé";"N/A";"GOHORE BI ZOUA - KOUDOU AKRE DANIEL";"Oui"
"Côte d'Ivoire";"Assemblée de Dieu de ABIDJAN";"ABIDJAN";"Abidjan-Est";"Abidjan";"N/A";"YAI EUVERTE - SAWADOGO SALOMON - ASSANVO FAMIEN EUGENE - GUEDE NICOLAS";"Oui"
"Côte d'Ivoire";"Assemblée de Dieu de ABIDJAN";"ABIDJAN";"Abidjan-Est";"Abidjan";"N/A";"BROU N'GUESSAN";"Oui"
"Côte d'Ivoire";"Assemblée de Dieu de ABIDJAN";"ABIDJAN";"Abidjan-Est";"Abidjan";"N/A";"GREBO BLAISE - DAGUE MAXIME";"Oui"
"Côte d'Ivoire";"Assemblée de Dieu de ABIDJAN";"ABIDJAN";"Abidjan-Est";"Abidjan";"N/A";"TCHOTCHO EBOU NICODEME - BOULOU VALENTIN";"Oui"
"Côte d'Ivoire";"Assemblée de Dieu de ABIDJAN";"ABIDJAN";"Abidjan-Est";"Abidjan";"N/A";"N'GUESSAN BRAHIMAN";"Oui"
"Côte d'Ivoire";"Assemblée de Dieu de ABIDJAN";"ABIDJAN";"Abidjan-Est";"Abidjan";"N/A";"SEREGOUE JEAN";"Oui"
"Côte d'Ivoire";"Assemblée de Dieu de ABIDJAN";"ABIDJAN";"Abidjan-Est";"Abidjan";"N/A";"BOHUI WALLET JEAN-CLAUDE - BADA LEGRE DOMINIQUE - DEDI DALI - KOFFI N'GUESSAN KOUASSI MATHIAS - KOUASSI KOUAME SYLVAIN - BOKO KOUADIO DOMINIQUE";"Oui"
"Côte d'Ivoire";"Assemblée de Dieu de ABIDJAN";"ABIDJAN";"Abidjan-Est";"Abidjan";"N/A";"SITA ALEXIS DOMINIQUE - AKPOUE YAO VALENTIN";"Oui"
"Côte d'Ivoire";"Assemblée de Dieu de ABIDJAN";"ABIDJAN";"Abidjan-Est";"Abidjan";"N/A";"NASSE FERDINAND - GUEDE AFFRI ARMEL";"Oui"
"Côte d'Ivoire";"Assemblée de Dieu de ABIDJAN";"ABIDJAN";"Abidjan-Est";"Abidjan";"N/A";"NOUFE SIE - VONOPOU VANGAH DANIEL - ANEY KOUASSI - AMON KOUTOUA DAVID";"Oui"
"Côte d'Ivoire";"Assemblée de Dieu de ABIDJAN";"ABIDJAN";"Abidjan-Est";"Abidjan";"N/A";"N'DIR MAMOUR - OURAGA NARCISSE";"Oui"
"Côte d'Ivoire";"Assemblée de Dieu de ABIDJAN";"ABIDJAN";"Abidjan-Est";"Abidjan";"N/A";"KOUADIO KOSSONOU - N'DATTIEN KOFFI ALEXIS";"Oui"
"Côte d'Ivoire";"Assemblée de Dieu de ABIDJAN";"ABIDJAN";"Abidjan-Est";"Abidjan";"N/A";"ADIO ZILIGALO INNOCENT";"Oui"
"Côte d'Ivoire";"Assemblée de Dieu de ABIDJAN";"ABIDJAN";"Abidjan-Est";"Abidjan";"N/A";"DOUDOU NEAN JEAN CLAUDE";"Oui"
"Côte d'Ivoire";"Assemblée de Dieu de ABIDJAN";"ABIDJAN";"Abidjan-Est";"Abidjan";"N/A";"ZADI NAHI DJEDJE RAPHAEL - BEHE GUY FRANCIS";"Oui"
"Côte d'Ivoire";"Assemblée de Dieu de ABIDJAN";"ABIDJAN";"Abidjan-Est";"Abidjan";"N/A";"GNEPA HIE FELIX - KOUADIO ATSIN ABRAHAM";"Oui"
"Côte d'Ivoire";"Assemblée de Dieu de ABIDJAN";"ABIDJAN";"Abidjan-Est";"Abidjan";"N/A";"ZOUNGRANA MANESSOMDE ABEL - AHOTONDJI PARFAIT COOVI";"Oui"
"Côte d'Ivoire";"Assemblée de Dieu de ABIDJAN";"ABIDJAN";"Abidjan-Est";"Abidjan";"N/A";"BOHUI SERY MARCEL - GBOGOU GEDEON";"Oui"
"Côte d'Ivoire";"Assemblée de Dieu de ABIDJAN";"ABIDJAN";"Abidjan-Est";"Abidjan";"N/A";"GBOAGNON SERI APPOLINAIRE - AYOMAN ACKA MATHIEU - BOSSO N'GUESSAN MAURICE - KPLAHO KOUHON INNOCENT";"Oui"
"Côte d'Ivoire";"Assemblée de Dieu de ABIDJAN";"ABIDJAN";"Abidjan-Est";"Abidjan";"N/A";"KOFFI KONAN EUGENE - LEZIE BI DJE THEODORE - GUEDE SIMON PIERRE";"Oui"
"Côte d'Ivoire";"Assemblée de Dieu de ABIDJAN";"ABIDJAN";"Abidjan-Est";"Abidjan";"N/A";"GBODJO FIRMIN - ADJOUMANI KOUAME BENOIT";"Oui"
"Côte d'Ivoire";"Assemblée de Dieu de ABIDJAN";"ABIDJAN";"Abidjan-Est";"Abidjan";"N/A";"ADOU JEAN MARIE - ANO TIEMELE FULGENCE";"Oui"
"Côte d'Ivoire";"Assemblée de Dieu de ABIDJAN";"ABIDJAN";"Abidjan-Est";"Abidjan";"N/A";"TIACOH JEAN MARIE - COULIBALY PREFINAH ALHASSANE";"Oui"
"Côte d'Ivoire";"Assemblée de Dieu de ABIDJAN";"ABIDJAN";"Abidjan-Est";"Abidjan";"N/A";"KOUTOUAN ASSAGOU CLAVER - GNAPI GUEDE HENOC HERVE";"Oui"
"Côte d'Ivoire";"Assemblée de Dieu de ABIDJAN";"ABIDJAN";"Abidjan-Est";"Abidjan";"N/A";"DOU BI KOUAI ROSSELYN - DAYORO GNAPO MAXIME - YAO THOMAS";"Oui"
"Côte d'Ivoire";"Assemblée de Dieu de ABIDJAN";"ABIDJAN";"Abidjan-Est";"Abidjan";"N/A";"KOUAKOU KONAN MELAINE - AKOKO HIPPOLYTE N'GUESSAN - PLOTO MICHEL";"Oui"
"Côte d'Ivoire";"Assemblée de Dieu de ABIDJAN";"ABIDJAN";"Abidjan-Est";"Abidjan";"N/A";"KONAN KOUAME DOMINIQUE - TAPE CELESTIN";"Oui"
"Côte d'Ivoire";"Assemblée de Dieu de ABIDJAN";"ABIDJAN";"Abidjan-Est";"Abidjan";"N/A";"KOUYO YABEHI FAUSTIN - ZANLI BI SANHI FREDERICK - ASSIE KOUAKOU JEAN CLEMENT";"Oui"
"Côte d'Ivoire";"Assemblée de Dieu de ABIDJAN";"ABIDJAN";"Abidjan-Est";"Abidjan";"N/A";"BAMBA SOGANA - OUEDRAOGO FILMON";"Oui"
"Côte d'Ivoire";"Assemblée de Dieu de ABIDJAN";"ABIDJAN";"Abidjan-Est";"Abidjan";"N/A";"OUEDRAOGO ADAMA - KAMBOU BANAH - BAYORO KREBE BASILE";"Oui"
"Côte d'Ivoire";"Assemblée de Dieu de ABIDJAN";"ABIDJAN";"Abidjan-Est";"Abidjan";"N/A";"NIELBIEN JEAN BAPTISTE - N'DOUBAH EBAH N'DRAMAN BARTHELEMY";"Oui"
"Côte d'Ivoire";"Assemblée de Dieu de ABIDJAN";"ABIDJAN";"Abidjan-Est";"Abidjan";"N/A";"BADOU KOUAME BINI - ATSE AKOKO GHISLAIN";"Oui"
"Côte d'Ivoire";"Assemblée de Dieu de ABIDJAN";"ABIDJAN";"Abidjan-Est";"Abidjan";"N/A";"LOKPO TCHTETCHE APPOLINAIRE - KOFFI KOUASSI THOEDORE";"Oui"
"Côte d'Ivoire";"Assemblée de Dieu de ABIDJAN";"ABIDJAN";"Abidjan-Est";"Abidjan";"N/A";"KONDE CHARLES MARIE - EHOUMAN KOUADIO JEAN - KOUASSI YAO JEAN BAPTISTE - BEDO KOKORA JEAN DIDIER";"Oui"
"Côte d'Ivoire";"Assemblée de Dieu de ABIDJAN";"ABIDJAN";"Abidjan-Est";"Abidjan";"N/A";"ASSI SOMBO DAMASE - DJE KONAN JULIEN";"Oui"
"Côte d'Ivoire";"Assemblée de Dieu de ABIDJAN";"ABIDJAN";"Abidjan-Est";"Abidjan";"N/A";"SEPE GNAKOURI FRANCIS - KOUADIO FIENI MARIUS - N'GUESSAN YAO ISRAEL";"Oui"
"Côte d'Ivoire";"Assemblée de Dieu de BINGERVILLE";"BINGERVILLE";"Abidjan-Est";"Abidjan";"N/A";"LOKPO CLAUDE BAHI";"Oui"
"Côte d'Ivoire";"Assemblée de Dieu de BINGERVILLE";"BINGERVILLE";"Abidjan-Est";"Abidjan";"N/A";"ESSI ANOH JEAN CHARLES - AGODIO MARCELLIN - KOUAME ISAAC - MONNEY SEKA DANIEL";"Oui"
"Côte d'Ivoire";"Assemblée de Dieu de BINGERVILLE";"BINGERVILLE";"Abidjan-Est";"Abidjan";"N/A";"YOBO YASSI LAZARE";"Oui"
"Côte d'Ivoire";"Assemblée de Dieu de ELOKA";"ELOKA";"Abidjan-Est";"Abidjan";"N/A";"YA KONAN VINCENT";"Oui"
"Côte d'Ivoire";"Assemblée de Dieu de ABIDJAN";"ABIDJAN";"Abidjan-Nord";"Abidjan";"N/A";"OUEDRAOGO KARIM";"Oui"
"Côte d'Ivoire";"Assemblée de Dieu de ABIDJAN";"ABIDJAN";"Abidjan-Nord";"Abidjan";"N/A";"MAO MONDAHAN CLEMENT - AGOUA AGOUA ELISEE";"Oui"
"Côte d'Ivoire";"Assemblée de Dieu de ABIDJAN";"ABIDJAN";"Abidjan-Nord";"Abidjan";"N/A";"KOUADIO KOUAKOU SERAPHIN";"Oui"
"Côte d'Ivoire";"Assemblée de Dieu de ABIDJAN";"ABIDJAN";"Abidjan-Nord";"Abidjan";"N/A";"KAMBIRE OLLO ALAIN";"Oui"
"Côte d'Ivoire";"Assemblée de Dieu de ABIDJAN";"ABIDJAN";"Abidjan-Nord";"Abidjan";"N/A";"SORO KLOTCHELEMA PIERRE";"Oui"
"Côte d'Ivoire";"Assemblée de Dieu de ABIDJAN";"ABIDJAN";"Abidjan-Nord";"Abidjan";"N/A";"OYEDOU SAHIRI MATHIEU - ATSIN DJOMAN FIRMIN";"Oui"
"Côte d'Ivoire";"Assemblée de Dieu de ABIDJAN";"ABIDJAN";"Abidjan-Nord";"Abidjan";"N/A";"KOUABENA ADJOUMANI - CAMARA SEYDOU";"Oui"
"Côte d'Ivoire";"Assemblée de Dieu de ABIDJAN";"ABIDJAN";"Abidjan-Nord";"Abidjan";"N/A";"ALLAH KOFFI";"Oui"
"Côte d'Ivoire";"Assemblée de Dieu de ABIDJAN";"ABIDJAN";"Abidjan-Nord";"Abidjan";"N/A";"TAHIN BONAHO BRUCE";"Oui"
"Côte d'Ivoire";"Assemblée de Dieu de ABIDJAN";"ABIDJAN";"Abidjan-Nord";"Abidjan";"N/A";"GLAN OMER";"Oui"
"Côte d'Ivoire";"Assemblée de Dieu de ABIDJAN";"ABIDJAN";"Abidjan-Nord";"Abidjan";"N/A";"DIE TAHOU EUGENE";"Oui"
"Côte d'Ivoire";"Assemblée de Dieu de ABIDJAN";"ABIDJAN";"Abidjan-Nord";"Abidjan";"N/A";"SOUMAHORO YATANAN";"Oui"
"Côte d'Ivoire";"Assemblée de Dieu de ABIDJAN";"ABIDJAN";"Abidjan-Nord";"Abidjan";"N/A";"LASSEHI ZEDIE JOSEPH  - DAH OLLO BARTHELEMY";"Oui"
"Côte d'Ivoire";"Assemblée de Dieu de ABIDJAN";"ABIDJAN";"Abidjan-Nord";"Abidjan";"N/A";"BOB LEONNARD - DA SIE DAVID";"Oui"
"Côte d'Ivoire";"Assemblée de Dieu de ABIDJAN";"ABIDJAN";"Abidjan-Nord";"Abidjan";"N/A";"KOUADIO KOUAKOU JUSTIN - KONE WAONAMA KEVIN";"Oui"
"Côte d'Ivoire";"Assemblée de Dieu de ABIDJAN";"ABIDJAN";"Abidjan-Nord";"Abidjan";"N/A";"GOLE GNENE MICHEL - KRAPA KOUADIO N'ZIAN - KAMAPOU TIBESSIO RODRIGUE DARIUS FREDERIC";"Oui"
"Côte d'Ivoire";"Assemblée de Dieu de ABIDJAN";"ABIDJAN";"Abidjan-Nord";"Abidjan";"N/A";"YA BI GORE BERNARD";"Oui"
"Côte d'Ivoire";"Assemblée de Dieu de ABIDJAN";"ABIDJAN";"Abidjan-Nord";"Abidjan";"N/A";"ADEBAYO EREADE SAMUEL - KOUAME YAO ROGER";"Oui"
"Côte d'Ivoire";"Assemblée de Dieu de ABIDJAN";"ABIDJAN";"Abidjan-Nord";"Abidjan";"N/A";"BLAHOUA ALAIN MICHEL";"Oui"
"Côte d'Ivoire";"Assemblée de Dieu de ABIDJAN";"ABIDJAN";"Abidjan-Nord";"Abidjan";"N/A";"YOMAN KOUAKOU ANDRE";"Oui"
"Côte d'Ivoire";"Assemblée de Dieu de ABIDJAN";"ABIDJAN";"Abidjan-Nord";"Abidjan";"N/A";"KOUADJO COFFI EZECHIEL - CAMARA ISSOUFOU";"Oui"
"Côte d'Ivoire";"Assemblée de Dieu de ABIDJAN";"ABIDJAN";"Abidjan-Nord";"Abidjan";"N/A";"YO MAMADOU";"Oui"
"Côte d'Ivoire";"Assemblée de Dieu de ABIDJAN";"ABIDJAN";"Abidjan-Nord";"Abidjan";"N/A";"KIMOU AMBROISE SALATHIEL";"Oui"
"Côte d'Ivoire";"Assemblée de Dieu de ABIDJAN";"ABIDJAN";"Abidjan-Nord";"Abidjan";"N/A";"AHIBA AHONON - BROU KOUASSI CONSTANT";"Oui"
"Côte d'Ivoire";"Assemblée de Dieu de ABIDJAN";"ABIDJAN";"Abidjan-Nord";"Abidjan";"N/A";"YAO N'GUESSAN ATHANASE";"Oui"
"Côte d'Ivoire";"Assemblée de Dieu de ABIDJAN";"ABIDJAN";"Abidjan-Nord";"Abidjan";"N/A";"CLEMENT DJAGBRE DAGO";"Oui"
"Côte d'Ivoire";"Assemblée de Dieu de ABIDJAN";"ABIDJAN";"Abidjan-Nord";"Abidjan";"N/A";"GLAN MONTOMON FREDERIC";"Oui"
"Côte d'Ivoire";"Assemblée de Dieu de ABIDJAN";"ABIDJAN";"Abidjan-Nord";"Abidjan";"N/A";"KOUADIO LOUKOU FULGENCE - KOUADIO KOUADIO YACOUBA";"Oui"
"Côte d'Ivoire";"Assemblée de Dieu de ABIDJAN";"ABIDJAN";"Abidjan-Nord";"Abidjan";"N/A";"DJO MENEDY ERNEST JOEL";"Oui"
"Côte d'Ivoire";"Assemblée de Dieu de ABIDJAN";"ABIDJAN";"Abidjan-Nord";"Abidjan";"N/A";"BOUKARY EDOUARD";"Oui"
"Côte d'Ivoire";"Assemblée de Dieu de ABIDJAN";"ABIDJAN";"Abidjan-Nord";"Abidjan";"N/A";"KABORE YAHAYA - N'GORAN KONAN JEAN RAPHAEL";"Oui"
"Côte d'Ivoire";"Assemblée de Dieu de ABIDJAN";"ABIDJAN";"Abidjan-Nord";"Abidjan";"N/A";"YAKAYORO AKAFOU PIERRE RACHETE - DAGO OBROU NARCISSE";"Oui"
"Côte d'Ivoire";"Assemblée de Dieu de ABIDJAN";"ABIDJAN";"Abidjan-Nord";"Abidjan";"N/A";"TCHETCHE RICHARD - N'GORAN KONAN ISIDORE";"Oui"
"Côte d'Ivoire";"Assemblée de Dieu de ABIDJAN";"ABIDJAN";"Abidjan-Nord";"Abidjan";"N/A";"OULAI GERMAIN LAZARE";"Oui"
"Côte d'Ivoire";"Assemblée de Dieu de ABBE BEGNINI";"ABBE BEGNINI";"Abidjan-Nord";"Abidjan";"N/A";"DOGBA AKRE EMMANUEL";"Oui"
"Côte d'Ivoire";"Assemblée de Dieu de ALEPE";"ALEPE";"Abidjan-Nord";"Abidjan";"N/A";"KOFFI KOUADIO LOUIS";"Oui"
"Côte d'Ivoire";"Assemblée de Dieu de ALEPE";"ALEPE";"Abidjan-Nord";"Abidjan";"N/A";"EBIH KANGAH PIERRE";"Oui"
"Côte d'Ivoire";"Assemblée de Dieu de ALEPE";"ALEPE";"Abidjan-Nord";"Abidjan";"N/A";"ADOU KOFFI ASSIAHUE NARCISSE";"Oui"
"Côte d'Ivoire";"Assemblée de Dieu de ALEPE";"ALEPE";"Abidjan-Nord";"Abidjan";"N/A";"KONAN KOUADIO EMMANUEL";"Oui"
"Côte d'Ivoire";"Assemblée de Dieu de ALEPE";"ALEPE";"Abidjan-Nord";"Abidjan";"N/A";"KAMENAN KOFFI SETH - KOMBATE NANTIBANE";"Oui"
"Côte d'Ivoire";"Assemblée de Dieu de ANYAMA";"ANYAMA";"Abidjan-Nord";"Abidjan";"N/A";"BATHIONO GREGOIRE";"Oui"
"Côte d'Ivoire";"Assemblée de Dieu de ANYAMA";"ANYAMA";"Abidjan-Nord";"Abidjan";"N/A";"KOUAME KOUASSI THEODORE";"Oui"
"Côte d'Ivoire";"Assemblée de Dieu de ANYAMA";"ANYAMA";"Abidjan-Nord";"Abidjan";"N/A";"KILA ZOE PIERRE";"Oui"
"Côte d'Ivoire";"Assemblée de Dieu de ANYAMA";"ANYAMA";"Abidjan-Nord";"Abidjan";"N/A";"DJAH DOUOGOI NICAISE - IRIE BI ROGER";"Oui"
"Côte d'Ivoire";"Assemblée de Dieu de ANYAMA";"ANYAMA";"Abidjan-Nord";"Abidjan";"N/A";"AKPAPO ASSI VALENTIN";"Oui"
"Côte d'Ivoire";"Assemblée de Dieu de AZAGUIE";"AZAGUIE";"Abidjan-Nord";"Abidjan";"N/A";"GNAHORE TIKA GEORGES";"Oui"
"Côte d'Ivoire";"Assemblée de Dieu de BROUKOI";"BROUKOI";"Abidjan-Nord";"Abidjan";"N/A";"KOBENA N'GUETTIA JEAN-MICHEL";"Oui"
"Côte d'Ivoire";"Assemblée de Dieu de EBIMPE";"EBIMPE";"Abidjan-Nord";"Abidjan";"N/A";"KONAN YAO BARTHELEMY";"Oui"
"Côte d'Ivoire";"Assemblée de Dieu de GRAND ALEPE";"GRAND ALEPE";"Abidjan-Nord";"Abidjan";"N/A";"KAMBIRE SIE DAPLA";"Oui"
"Côte d'Ivoire";"Assemblée de Dieu de IRHO-LAME";"IRHO-LAME";"Abidjan-Nord";"Abidjan";"N/A";"PALE KONTOURE JACQUES";"Oui"
"Côte d'Ivoire";"Assemblée de Dieu de MONTEZO";"MONTEZO";"Abidjan-Nord";"Abidjan";"N/A";"BLI BI LEZIE HERMANN";"Oui"
"Côte d'Ivoire";"Assemblée de Dieu de ABIDJAN";"ABIDJAN";"Abidjan-Ouest";"Abidjan";"N/A";"VALY OUATTARA - HOGLONOU YAOVI - KOI N�€™DRAMAN PIERRE ANDRE - KOUADIO YAO MAXIME";"Oui"
"Côte d'Ivoire";"Assemblée de Dieu de ABIDJAN";"ABIDJAN";"Abidjan-Ouest";"Abidjan";"N/A";"AGOGO KACOU JEAN LEVI";"Oui"
"Côte d'Ivoire";"Assemblée de Dieu de ABIDJAN";"ABIDJAN";"Abidjan-Ouest";"Abidjan";"N/A";"GUESSAN BI BALLO YVES - ZAO ALAIN";"Oui"
"Côte d'Ivoire";"Assemblée de Dieu de ABIDJAN";"ABIDJAN";"Abidjan-Ouest";"Abidjan";"N/A";"POUHIN TIEHI BENOIT - ECRABET VINCENT - DOGBEH TETE MAWULI";"Oui"
"Côte d'Ivoire";"Assemblée de Dieu de ABIDJAN";"ABIDJAN";"Abidjan-Ouest";"Abidjan";"N/A";"N�€™DAH AKA SABIE - DOUAYERE BENJAMIN";"Oui"
"Côte d'Ivoire";"Assemblée de Dieu de ABIDJAN";"ABIDJAN";"Abidjan-Ouest";"Abidjan";"N/A";"NAHI MICHEL - YEBOUE YAO JOACHIM";"Oui"
"Côte d'Ivoire";"Assemblée de Dieu de ABIDJAN";"ABIDJAN";"Abidjan-Ouest";"Abidjan";"N/A";"KOUAME BROU AMBROISE - SAY ATTOBRA FANCOIS";"Oui"
"Côte d'Ivoire";"Assemblée de Dieu de ABIDJAN";"ABIDJAN";"Abidjan-Ouest";"Abidjan";"N/A";"VANIE BLANCHARD - CELESTIN ADOU - KOUASSI YAO DAVID -BOLY BASILE - DIALLO LADJI";"Oui"
"Côte d'Ivoire";"Assemblée de Dieu de ABIDJAN";"ABIDJAN";"Abidjan-Ouest";"Abidjan";"N/A";"KOUASSI DEDE JOSEPH - YOBOUE KOFFI DESIRE";"Oui"
"Côte d'Ivoire";"Assemblée de Dieu de ABIDJAN";"ABIDJAN";"Abidjan-Ouest";"Abidjan";"N/A";"KAKOU GABRIEL - DAGO KADJO SIMON - KOUAKOU URBAIN";"Oui"
"Côte d'Ivoire";"Assemblée de Dieu de ABIDJAN";"ABIDJAN";"Abidjan-Ouest";"Abidjan";"N/A";"BIYO CAMELEY";"Oui"
"Côte d'Ivoire";"Assemblée de Dieu de ABIDJAN";"ABIDJAN";"Abidjan-Ouest";"Abidjan";"N/A";"BOGNI ABE CLOTAIRE";"Oui"
"Côte d'Ivoire";"Assemblée de Dieu de ABIDJAN";"ABIDJAN";"Abidjan-Ouest";"Abidjan";"N/A";"KOUADIO KOUASSI BERTHELOT - VANGNY GOHI HENRI EUGENE -";"Oui"
"Côte d'Ivoire";"Assemblée de Dieu de ABIDJAN";"ABIDJAN";"Abidjan-Ouest";"Abidjan";"N/A";"N�€™GUESSAN KOUASSI EMMANUEL - YAO KAN - ABOUHO GNATEKAN SAMUEL";"Oui"
"Côte d'Ivoire";"Assemblée de Dieu de ABIDJAN";"ABIDJAN";"Abidjan-Ouest";"Abidjan";"N/A";"GOUESSE MARTIN LUTHER - N�€™GUESSAN STEPHANE";"Oui"
"Côte d'Ivoire";"Assemblée de Dieu de ABIDJAN";"ABIDJAN";"Abidjan-Ouest";"Abidjan";"N/A";"BLY SEMASSON VINCENT - DJE BI LEZIE LAURENT";"Oui"
"Côte d'Ivoire";"Assemblée de Dieu de ABIDJAN";"ABIDJAN";"Abidjan-Ouest";"Abidjan";"N/A";"DJA ATTAHE - MANGOUA ROGER ADONIS";"Oui"
"Côte d'Ivoire";"Assemblée de Dieu de ABIDJAN";"ABIDJAN";"Abidjan-Ouest";"Abidjan";"N/A";"KEMOAGNA BAHI ANDRE";"Oui"
"Côte d'Ivoire";"Assemblée de Dieu de ABIDJAN";"ABIDJAN";"Abidjan-Ouest";"Abidjan";"N/A";"DAO DISSA DANIEL - DJALLO DOUGADJI SERG - KOUAME N�€™DRE";"Oui"
"Côte d'Ivoire";"Assemblée de Dieu de ABIDJAN";"ABIDJAN";"Abidjan-Ouest";"Abidjan";"N/A";"KOUASSI DJAMBA CHRISTOPHE - KOUASSI BLE GANKA APPOLINAIRE -ATTAGBA YAO LAWRENCE";"Oui"
"Côte d'Ivoire";"Assemblée de Dieu de ABIDJAN";"ABIDJAN";"Abidjan-Ouest";"Abidjan";"N/A";"YAO LIGA JEAN - FATCHA GBOTTA GUILLAUME";"Oui"
"Côte d'Ivoire";"Assemblée de Dieu de ABIDJAN";"ABIDJAN";"Abidjan-Ouest";"Abidjan";"N/A";"AWOUNAN KOUADIO GERVAIS - KOFFI N�€™DAH JOSEPH";"Oui"
"Côte d'Ivoire";"Assemblée de Dieu de ABIDJAN";"ABIDJAN";"Abidjan-Ouest";"Abidjan";"N/A";"KOBON KOPOIN CLOTAIRE - BRISSI MAHILET - KOUYO DOUDOU JOEL";"Oui"
"Côte d'Ivoire";"Assemblée de Dieu de ABIDJAN";"ABIDJAN";"Abidjan-Ouest";"Abidjan";"N/A";"DOGBOLE GNATTO ALEXIS - KOUAME GILLES FIRMIN - BAFIOGO AMADOU EMMANUEL";"Oui"
"Côte d'Ivoire";"Assemblée de Dieu de ABIDJAN";"ABIDJAN";"Abidjan-Ouest";"Abidjan";"N/A";"ESMEL MELESS ETIENNE - ABBE KOMAN DOMINIQUE - DJIPRO BODJI RICHARD";"Oui"
"Côte d'Ivoire";"Assemblée de Dieu de AKOUPE ATTIGUIE";"AKOUPE ATTIGUIE";"Abidjan-Ouest";"Abidjan";"N/A";"BAZIE KOUASSI LAURENT";"Oui"
"Côte d'Ivoire";"Assemblée de Dieu de ANGUEDEDOU";"ANGUEDEDOU";"Abidjan-Ouest";"Abidjan";"N/A";"N�€™DRI ABOUO MATHURIN - COULIBALY MOUSSA";"Oui"
"Côte d'Ivoire";"Assemblée de Dieu de SONGON";"SONGON";"Abidjan-Ouest";"Abidjan";"N/A";"KOUAME N�€™DRE ALEXIS";"Oui"
"Côte d'Ivoire";"Assemblée de Dieu de CAS SOCIAL";"CAS SOCIAL";"Abidjan-Ouest";"Abidjan";"N/A";"GNANGORAN N'GUESSAN JEROME";"Oui"
"Côte d'Ivoire";"Assemblée de Dieu de KOUMASSI";"KOUMASSI";"Abidjan-Sud";"Abidjan";"N/A";"GNOGOURI ABEL - N�€™GORAN TANO PASCAL";"Oui"
"Côte d'Ivoire";"Assemblée de Dieu de KOUMASSI";"KOUMASSI";"Abidjan-Sud";"Abidjan";"N/A";"YAO KOUAKOU - DIO MOISE";"Oui"
"Côte d'Ivoire";"Assemblée de Dieu de KOUMASSI";"KOUMASSI";"Abidjan-Sud";"Abidjan";"N/A";"LELOU FELICIEN - KAMBIRE SOULEYMANE";"Oui"
"Côte d'Ivoire";"Assemblée de Dieu de KOUMASSI";"KOUMASSI";"Abidjan-Sud";"Abidjan";"N/A";"AFFRAN LEON - APPIA ATTOPRA JEROME - ARIKO OKOMA SAMSON";"Oui"
"Côte d'Ivoire";"Assemblée de Dieu de KOUMASSI";"KOUMASSI";"Abidjan-Sud";"Abidjan";"N/A";"BROU KONAN ANTOINE - BOHUI ROGER";"Oui"
"Côte d'Ivoire";"Assemblée de Dieu de KOUMASSI";"KOUMASSI";"Abidjan-Sud";"Abidjan";"N/A";"KOUADIO JEAN BAPTISTE - KOUADIO KOUASSI ALLA BERNARD";"Oui"
"Côte d'Ivoire";"Assemblée de Dieu de KOUMASSI";"KOUMASSI";"Abidjan-Sud";"Abidjan";"N/A";"BANGORET DOMINIQUE - BLE SEVERAIN - GRAORO KABOGBO FULGENCE";"Oui"
"Côte d'Ivoire";"Assemblée de Dieu de KOUMASSI";"KOUMASSI";"Abidjan-Sud";"Abidjan";"N/A";"OULAITO OUHONLI GATIEN";"Oui"
"Côte d'Ivoire";"Assemblée de Dieu de PORT - BOU�‹T";"PORT - BOU�‹T";"Abidjan-Sud";"Abidjan";"N/A";"ZONGO OUINDEMI";"Oui"
"Côte d'Ivoire";"Assemblée de Dieu de PORT - BOU�‹T";"PORT - BOU�‹T";"Abidjan-Sud";"Abidjan";"N/A";"ELLOGNE GODENSE - BROU YAO MARCELLIN - DJAKPA AWALE MAXIM ROGER - DJE KOUADIO LAMBERT";"Oui"
"Côte d'Ivoire";"Assemblée de Dieu de PORT - BOU�‹T";"PORT - BOU�‹T";"Abidjan-Sud";"Abidjan";"N/A";"LEBI DAGO GUILLAUME";"Oui"
"Côte d'Ivoire";"Assemblée de Dieu de PORT - BOU�‹T";"PORT - BOU�‹T";"Abidjan-Sud";"Abidjan";"N/A";"GOBOU KONIEN DAVID - KANGA KOUAKOU - KOUAME CYRILLE RODRIGUE - FADIAW KASSI JOSEPH";"Oui"
"Côte d'Ivoire";"Assemblée de Dieu de PORT - BOU�‹T";"PORT - BOU�‹T";"Abidjan-Sud";"Abidjan";"N/A";"AWOUNAN YAO LEON - GNAHORE OLIVIER";"Oui"
"Côte d'Ivoire";"Assemblée de Dieu de PORT - BOU�‹T";"PORT - BOU�‹T";"Abidjan-Sud";"Abidjan";"N/A";"MAMBO ANTOINE - TETI LAGO APPOLINAIRE - MOYENGA PAUL MARIUS";"Oui"
"Côte d'Ivoire";"Assemblée de Dieu de PORT - BOU�‹T";"PORT - BOU�‹T";"Abidjan-Sud";"Abidjan";"N/A";"OBOU ELJOENAI OBOUE PATRICK EVARISTE";"Oui"
"Côte d'Ivoire";"Assemblée de Dieu de PORT - BOU�‹T";"PORT - BOU�‹T";"Abidjan-Sud";"Abidjan";"N/A";"TCHOUMOU JEAN-YVES - BLOKOUI GNAGNAN MICHEL -GOULIA GUILLAUME";"Oui"
"Côte d'Ivoire";"Assemblée de Dieu de MARCORY";"MARCORY";"Abidjan-Sud";"Abidjan";"N/A";"GOBISSAY AKE LUDOVIC - SERI FERDINAND MONOKO -KOFFI N�€™DRI ALBERT";"Oui"
"Côte d'Ivoire";"Assemblée de Dieu de MARCORY";"MARCORY";"Abidjan-Sud";"Abidjan";"N/A";"N�€™GUESSAN YEDE EMILE - NIME BOMBE FLORENTIN NARCISSE";"Oui"
"Côte d'Ivoire";"Assemblée de Dieu de MARCORY";"MARCORY";"Abidjan-Sud";"Abidjan";"N/A";"GUEYE DJABET BERNADIN - KOUAME GILLES FIRMIN - BASSENE GERARD";"Oui"
"Côte d'Ivoire";"Assemblée de Dieu de MARCORY";"MARCORY";"Abidjan-Sud";"Abidjan";"N/A";"ZOHOURI KOUYO ISIDORE - TOA BI FOUALI GERMAIN";"Oui"
"Côte d'Ivoire";"Assemblée de Dieu de MARCORY";"MARCORY";"Abidjan-Sud";"Abidjan";"N/A";"DIBY KOUASSI ERNEST";"Oui"
"Côte d'Ivoire";"Assemblée de Dieu de MARCORY";"MARCORY";"Abidjan-Sud";"Abidjan";"N/A";"KOUADIO N'DRI";"Oui"
"Côte d'Ivoire";"Assemblée de Dieu de TREICHVILLE";"TREICHVILLE";"Abidjan-Sud";"Abidjan";"N/A";"EHIMAN AZANY MICHAEL - KOUADIO GBOHOUN KOUAME LAZARE - GLAHOU N'GUESSAN MARCELLIN";"Oui"
"Côte d'Ivoire";"Assemblée de Dieu de TREICHVILLE";"TREICHVILLE";"Abidjan-Sud";"Abidjan";"N/A";"PALEFO SORMITE DAVID";"Oui"
"Côte d'Ivoire";"Assemblée de Dieu de CAS SOCIAL";"CAS SOCIAL";"Abidjan-Sud";"Abidjan";"N/A";"GUEI KOUIHYAMIN DENIS";"Oui"
"Côte d'Ivoire";"Assemblée de Dieu de ABOISSO";"ABOISSO";"Aboisso";"Comoé";"N/A";"BOLOU BI YAO JASON HIPPOLYTE - EHUI JEAN-PATRICK";"Oui"
"Côte d'Ivoire";"Assemblée de Dieu de ABOISSO";"ABOISSO";"Aboisso";"Comoé";"N/A";"DAH PROSPER";"Oui"
"Côte d'Ivoire";"Assemblée de Dieu de ABOISSO";"ABOISSO";"Aboisso";"Comoé";"N/A";"GBETE GNAORE MATHIAS - ABOA LUCIEN - SEDJRO AMEVI";"Oui"
"Côte d'Ivoire";"Assemblée de Dieu de ABY";"ABY";"Aboisso";"Comoé";"N/A";"YAO MANZAN DIEU-DONNE";"Oui"
"Côte d'Ivoire";"Assemblée de Dieu de ADIAKE";"ADIAKE";"Aboisso";"Comoé";"N/A";"EKRA POBI BERTIN";"Oui"
"Côte d'Ivoire";"Assemblée de Dieu de AKOUNOUGBE";"AKOUNOUGBE";"Aboisso";"Comoé";"N/A";"KOUASSI MENEGBE";"Oui"
"Côte d'Ivoire";"Assemblée de Dieu de ASSINIE MAFIA";"ASSINIE MAFIA";"Aboisso";"Comoé";"N/A";"YABA TCHAKO DANIEL";"Oui"
"Côte d'Ivoire";"Assemblée de Dieu de ALLOSSO 2";"ALLOSSO 2";"Aboisso";"Comoé";"N/A";"DIE SYLVAIN";"Oui"
"Côte d'Ivoire";"Assemblée de Dieu de ASSOUBA";"ASSOUBA";"Aboisso";"Comoé";"N/A";"ASSOMA N�€™CHO SERVAIS";"Oui"
"Côte d'Ivoire";"Assemblée de Dieu de ASSOMLAN";"ASSOMLAN";"Aboisso";"Comoé";"N/A";"OULAI ALEXIS";"Oui"
"Côte d'Ivoire";"Assemblée de Dieu de ASSOUINDE";"ASSOUINDE";"Aboisso";"Comoé";"N/A";"SERY CAMILLE - DAKOURY DADJE FERDINAND";"Oui"
"Côte d'Ivoire";"Assemblée de Dieu de AYAME";"AYAME";"Aboisso";"Comoé";"N/A";"LAH KAHOUMA MICHEL - GLE DIDIER";"Oui"
"Côte d'Ivoire";"Assemblée de Dieu de ADIKOKOI";"ADIKOKOI";"Adzopé";"Lagunes";"N/A";"KOUAKOU N'DA KOUADIO";"Oui"
"Côte d'Ivoire";"Assemblée de Dieu de ADZOPE";"ADZOPE";"Adzopé";"Lagunes";"N/A";"FALLE DIAGOUE JEAN CLAUDE";"Oui"
"Côte d'Ivoire";"Assemblée de Dieu de ADZOPE";"ADZOPE";"Adzopé";"Lagunes";"N/A";"GNAORE YVES ARNAUD";"Oui"
"Côte d'Ivoire";"Assemblée de Dieu de ADZOPE";"ADZOPE";"Adzopé";"Lagunes";"N/A";"N/A";"Oui"
"Côte d'Ivoire";"Assemblée de Dieu de ADZOPE";"ADZOPE";"Adzopé";"Lagunes";"N/A";"BAHI BLEY EMMANUEL";"Oui"
"Côte d'Ivoire";"Assemblée de Dieu de ADZOPE";"ADZOPE";"Adzopé";"Lagunes";"N/A";"GRABI KAZA RICHARD - BOGNON GILLES THIERRY";"Oui"
"Côte d'Ivoire";"Assemblée de Dieu de ADZOPE";"ADZOPE";"Adzopé";"Lagunes";"N/A";"BERNARD ZILO BOUE";"Oui"
"Côte d'Ivoire";"Assemblée de Dieu de ADZOPE";"ADZOPE";"Adzopé";"Lagunes";"N/A";"AMARY AHIKPA SERAPHIN";"Oui"
"Côte d'Ivoire";"Assemblée de Dieu de ADZOPE";"ADZOPE";"Adzopé";"Lagunes";"N/A";"GBALOU ALEXIS";"Oui"
"Côte d'Ivoire";"Assemblée de Dieu de ADZOPE";"ADZOPE";"Adzopé";"Lagunes";"N/A";"DJE OUFFOUE MARTIN - KOFFI KOUAKOU ABEL";"Oui"
"Côte d'Ivoire";"Assemblée de Dieu de ADZOPE";"ADZOPE";"Adzopé";"Lagunes";"N/A";"KOUASSI KOUAME ANDRE - EBA SEKOU ULRICH";"Oui"
"Côte d'Ivoire";"Assemblée de Dieu de AFFERY";"AFFERY";"Adzopé";"Lagunes";"N/A";"AMOUATI KOUASSI N'GATTIA";"Oui"
"Côte d'Ivoire";"Assemblée de Dieu de AFFERY";"AFFERY";"Adzopé";"Lagunes";"N/A";"KOUAME N�€™GORAN DANIEL";"Oui"
"Côte d'Ivoire";"Assemblée de Dieu de ANANGUIE";"ANANGUIE";"Adzopé";"Lagunes";"N/A";"N/A";"Oui"
"Côte d'Ivoire";"Assemblée de Dieu de ANANGUIE";"ANANGUIE";"Adzopé";"Lagunes";"N/A";"N/A";"Oui"
"Côte d'Ivoire";"Assemblée de Dieu de ANANGUIE";"ANANGUIE";"Adzopé";"Lagunes";"N/A";"OUYAN BI OUYAN EDOUARD";"Oui"
"Côte d'Ivoire";"Assemblée de Dieu de AGOU";"AGOU";"Adzopé";"Lagunes";"N/A";"N�€™ZUE KONAN MARTIN - AHOUSSI KADJO DESIRE";"Oui"
"Côte d'Ivoire";"Assemblée de Dieu de AKOUPE";"AKOUPE";"Adzopé";"Lagunes";"N/A";"WOWO SANGROH JEAN LORNAIS";"Oui"
"Côte d'Ivoire";"Assemblée de Dieu de AKOUPE";"AKOUPE";"Adzopé";"Lagunes";"N/A";"BLOKOUI GNAGNAN MICHEL";"Oui"
"Côte d'Ivoire";"Assemblée de Dieu de ANAGUIE";"ANAGUIE";"Adzopé";"Lagunes";"N/A";"ZOUGOURI KATOA YANNICK";"Oui"
"Côte d'Ivoire";"Assemblée de Dieu de ASSIKOI";"ASSIKOI";"Adzopé";"Lagunes";"N/A";"ADOU BROH THEODORE";"Oui"
"Côte d'Ivoire";"Assemblée de Dieu de ASSIKOI";"ASSIKOI";"Adzopé";"Lagunes";"N/A";"LAKADO DAGOUSSEGUE KOUAKOU";"Oui"
"Côte d'Ivoire";"Assemblée de Dieu de BACON";"BACON";"Adzopé";"Lagunes";"N/A";"KROU BROU ANDRE";"Oui"
"Côte d'Ivoire";"Assemblée de Dieu de AGBOVILLE";"AGBOVILLE";"Agboville";"Lagunes";"N/A";"LASSANE DEMBELE";"Oui"
"Côte d'Ivoire";"Assemblée de Dieu de AGBOVILLE";"AGBOVILLE";"Agboville";"Lagunes";"N/A";"DJESSOU KOUASSI DOMINIQUE - BETTA BABO JEAN-CLAUDE";"Oui"
"Côte d'Ivoire";"Assemblée de Dieu de AGBOVILLE";"AGBOVILLE";"Agboville";"Lagunes";"N/A";"DAGROU KOUDOU JEAN BAPTISTE";"Oui"
"Côte d'Ivoire";"Assemblée de Dieu de AGBOVILLE";"AGBOVILLE";"Agboville";"Lagunes";"N/A";"DAGO ZIKPE ALAIN";"Oui"
"Côte d'Ivoire";"Assemblée de Dieu de AMANGBEU";"AMANGBEU";"Agboville";"Lagunes";"N/A";"TANOH GNAMIENWA YAO ALBERT";"Oui"
"Côte d'Ivoire";"Assemblée de Dieu de ANON";"ANON";"Agboville";"Lagunes";"N/A";"N'KOU N'KOU VINCENT";"Oui"
"Côte d'Ivoire";"Assemblée de Dieu de ATTIGUEI";"ATTIGUEI";"Agboville";"Lagunes";"N/A";"N�€™KOUNOU KOFFI";"Oui"
"Côte d'Ivoire";"Assemblée de Dieu de ATTOBROU";"ATTOBROU";"Agboville";"Lagunes";"N/A";"KOUDOU NAWA FRANCIS";"Oui"
"Côte d'Ivoire";"Assemblée de Dieu de AZAGUIE";"AZAGUIE";"Agboville";"Lagunes";"N/A";"GAHOULY KPEUKPA FAUSTIN";"Oui"
"Côte d'Ivoire";"Assemblée de Dieu de AZAGUIE";"AZAGUIE";"Agboville";"Lagunes";"N/A";"DAHI STEPHANE";"Oui"
"Côte d'Ivoire";"Assemblée de Dieu de AZAGUIE";"AZAGUIE";"Agboville";"Lagunes";"N/A";"DJEZOU GASTON - OJO OLAYIOYE GABRIEL";"Oui"
"Côte d'Ivoire";"Assemblée de Dieu de CECHI";"CECHI";"Agboville";"Lagunes";"N/A";"YAPI YAPI MATHIAS";"Oui"
"Côte d'Ivoire";"Assemblée de Dieu de ERYMAKOUGUIE";"ERYMAKOUGUIE";"Agboville";"Lagunes";"N/A";"GBETE JACQUES GERSON";"Oui"
"Côte d'Ivoire";"Assemblée de Dieu de GRAND MORIE";"GRAND MORIE";"Agboville";"Lagunes";"N/A";"KOUASSI EZECHIEL";"Oui"
"Côte d'Ivoire";"Assemblée de Dieu de GUESSIGUIE";"GUESSIGUIE";"Agboville";"Lagunes";"N/A";"YAPI ASSI RAYMOND";"Oui"
"Côte d'Ivoire";"Assemblée de Dieu de AGNIBILEKROU";"AGNIBILEKROU";"Agnibilékrou";"Comoé";"N/A";"SAKPA HERVE - GBOKO KOUABENA PROSPER";"Oui"
"Côte d'Ivoire";"Assemblée de Dieu de AGNIBILEKROU";"AGNIBILEKROU";"Agnibilékrou";"Comoé";"N/A";"GUEI SEBOSSIE ANATOLE";"Oui"
"Côte d'Ivoire";"Assemblée de Dieu de BONDOUKOU BROUKRO";"BONDOUKOU BROUKRO";"Agnibilékrou";"Comoé";"N/A";"OUEDRAOGO ROBERT";"Oui"
"Côte d'Ivoire";"Assemblée de Dieu de BRAYE-WATTE";"BRAYE-WATTE";"Agnibilékrou";"Comoé";"N/A";"ESMEL GEORGES";"Oui"
"Côte d'Ivoire";"Assemblée de Dieu de AMORIAKRO";"AMORIAKRO";"Agnibilékrou";"Comoé";"N/A";"GAUD TCHELEO MARCELIN";"Oui"
"Côte d'Ivoire";"Assemblée de Dieu de AKOBOISSUE";"AKOBOISSUE";"Agnibilékrou";"Comoé";"N/A";"DOGBA OGOU MATHIAS";"Oui"
"Côte d'Ivoire";"Assemblée de Dieu de ASSUEFRY";"ASSUEFRY";"Agnibilékrou";"Comoé";"N/A";"KOUASSI KOUAME";"Oui"
"Côte d'Ivoire";"Assemblée de Dieu de DIEZUE";"DIEZUE";"Agnibilékrou";"Comoé";"N/A";"GNOUMOU CHRISTIAN";"Oui"
"Côte d'Ivoire";"Assemblée de Dieu de KOUASSI DATEKRO";"KOUASSI DATEKRO";"Agnibilékrou";"Comoé";"N/A";"SEBOA KOMENAN DANIEL - AKMEL JEAN MARIE FLORENTIN";"Oui"
"Côte d'Ivoire";"Assemblée de Dieu de APPIMANDOUM";"APPIMANDOUM";"Bondoukou";"Gontougo";"N/A";"AKA ODOH JEAN";"Oui"
"Côte d'Ivoire";"Assemblée de Dieu de BONDOUKOU";"BONDOUKOU";"Bondoukou";"Gontougo";"N/A";"ASSOUMOU KOUASSI - AKPOUE KOFFI";"Oui"
"Côte d'Ivoire";"Assemblée de Dieu de BONDOUKOU";"BONDOUKOU";"Bondoukou";"Gontougo";"N/A";"KOUASSI DJANI";"Oui"
"Côte d'Ivoire";"Assemblée de Dieu de BONDOUKOU";"BONDOUKOU";"Bondoukou";"Gontougo";"N/A";"DOGBEH KONI NAYO - TAKROU TAGBO BLAISE";"Oui"
"Côte d'Ivoire";"Assemblée de Dieu de BOUNA";"BOUNA";"Bondoukou";"Gontougo";"N/A";"KOUASSI KOUAKOU LAZARE - DOH YAHA NESTOR";"Oui"
"Côte d'Ivoire";"Assemblée de Dieu de DOROPO";"DOROPO";"Bondoukou";"Gontougo";"N/A";"KOUASSI KOUADIO DOMINIQUE";"Oui"
"Côte d'Ivoire";"Assemblée de Dieu de FLAKIEDOUGOU";"FLAKIEDOUGOU";"Bondoukou";"Gontougo";"N/A";"BROU SEKA MARIUS";"Oui"
"Côte d'Ivoire";"Assemblée de Dieu de GOUMERE";"GOUMERE";"Bondoukou";"Gontougo";"N/A";"ZAKO GUY HERVE";"Oui"
"Côte d'Ivoire";"Assemblée de Dieu de KALTOHUDOUO";"KALTOHUDOUO";"Bondoukou";"Gontougo";"N/A";"GNABOA DJAH PHILIPPE";"Oui"
"Côte d'Ivoire";"Assemblée de Dieu de KOHODIO";"KOHODIO";"Bondoukou";"Gontougo";"N/A";"SINGO LAYO";"Oui"
"Côte d'Ivoire";"Assemblée de Dieu de KOUN-FAO";"KOUN-FAO";"Bondoukou";"Gontougo";"N/A";"ZEPHIRIN SEPI - KONAN KAN VALENTIN";"Oui"
"Côte d'Ivoire";"Assemblée de Dieu de BONON";"BONON";"Bouaflé";"Sassandra-Marahoué";"N/A";"TAPLEY GAHA JEAN";"Oui"
"Côte d'Ivoire";"Assemblée de Dieu de BONON";"BONON";"Bouaflé";"Sassandra-Marahoué";"N/A";"SEGUI JEAN PAUL OLIVIER";"Oui"
"Côte d'Ivoire";"Assemblée de Dieu de BOUAFLE";"BOUAFLE";"Bouaflé";"Sassandra-Marahoué";"N/A";"DJEDJI GREGOIRE";"Oui"
"Côte d'Ivoire";"Assemblée de Dieu de BOUAFLE";"BOUAFLE";"Bouaflé";"Sassandra-Marahoué";"N/A";"NAOUA SACRE - TOH GUEI SERGE AMBROISE - ZRIMBA AKOKO GUY ANGE";"Oui"
"Côte d'Ivoire";"Assemblée de Dieu de BOUAFLE";"BOUAFLE";"Bouaflé";"Sassandra-Marahoué";"N/A";"ASSIE KOUAME";"Oui"
"Côte d'Ivoire";"Assemblée de Dieu de DIALET";"DIALET";"Bouaflé";"Sassandra-Marahoué";"N/A";"ADOM KOUASSI";"Oui"
"Côte d'Ivoire";"Assemblée de Dieu de GARANGO";"GARANGO";"Bouaflé";"Sassandra-Marahoué";"N/A";"N/A";"Oui"
"Côte d'Ivoire";"Assemblée de Dieu de GARANGO";"GARANGO";"Bouaflé";"Sassandra-Marahoué";"N/A";"KOUAME KOUAKOU";"Oui"
"Côte d'Ivoire";"Assemblée de Dieu de KOUDOUGOU";"KOUDOUGOU";"Bouaflé";"Sassandra-Marahoué";"N/A";"DA TIMOTHEE ABRAHAM";"Oui"
"Côte d'Ivoire";"Assemblée de Dieu de KPAKOUABO";"KPAKOUABO";"Bouaflé";"Sassandra-Marahoué";"N/A";"GOUALI RIGOBERT";"Oui"
"Côte d'Ivoire";"Assemblée de Dieu de SIETINFLA";"SIETINFLA";"Bouaflé";"Sassandra-Marahoué";"N/A";"N�€™GUETTA BILE";"Oui"
"Côte d'Ivoire";"Assemblée de Dieu de TOSS 5";"TOSS 5";"Bouaflé";"Sassandra-Marahoué";"N/A";"DAH TOUHINTAMA ANDRE";"Oui"
"Côte d'Ivoire";"Assemblée de Dieu de ZAGOUTA";"ZAGOUTA";"Bouaflé";"Sassandra-Marahoué";"N/A";"ZOGA ZRIGA NOEL";"Oui"
"Côte d'Ivoire";"Assemblée de Dieu de AKRADIO";"AKRADIO";"Dabou";"Lagunes";"N/A";"YAO KOUADIO FREDERIC";"Oui"
"Côte d'Ivoire";"Assemblée de Dieu de BRAFEDON";"BRAFEDON";"Dabou";"Lagunes";"N/A";"ZOUE ELVIS WILSON";"Oui"
"Côte d'Ivoire";"Assemblée de Dieu de DABOU";"DABOU";"Dabou";"Lagunes";"N/A";"KOUAME JEAN BOSCO - SILUE ADAMA";"Oui"
"Côte d'Ivoire";"Assemblée de Dieu de DABOU";"DABOU";"Dabou";"Lagunes";"N/A";"BEHE ROGER - KONE ABOU - GNACADJA GUENOLE";"Oui"
"Côte d'Ivoire";"Assemblée de Dieu de DABOU";"DABOU";"Dabou";"Lagunes";"N/A";"N�€™TAKPE ADROH PASCAL - YAO KOUAME FRANCOIS";"Oui"
"Côte d'Ivoire";"Assemblée de Dieu de GBOUGBO";"GBOUGBO";"Dabou";"Lagunes";"N/A";"KRA N�€™GUESSAN APPOLINAIRE";"Oui"
"Côte d'Ivoire";"Assemblée de Dieu de GRAND LAHOU";"GRAND LAHOU";"Dabou";"Lagunes";"N/A";"ANE MICHEL - COULIBALY PEYOUNA";"Oui"
"Côte d'Ivoire";"Assemblée de Dieu de IRA";"IRA";"Dabou";"Lagunes";"N/A";"YAO YAO JOACHIM";"Oui"
"Côte d'Ivoire";"Assemblée de Dieu de IROBO";"IROBO";"Dabou";"Lagunes";"N/A";"KOUDOU OZOKOU ALPHONSE";"Oui"
"Côte d'Ivoire";"Assemblée de Dieu de JACQUEVILLE";"JACQUEVILLE";"Dabou";"Lagunes";"N/A";"GUIRO LEBATO MATHURIN";"Oui"
"Côte d'Ivoire";"Assemblée de Dieu de LOPOU";"LOPOU";"Dabou";"Lagunes";"N/A";"GBOGBOU KACOU BORIS";"Oui"
"Côte d'Ivoire";"Assemblée de Dieu de N'DJEM";"N'DJEM";"Dabou";"Lagunes";"N/A";"ZADI ODJE DOMINIGO ROGER";"Oui"
"Côte d'Ivoire";"Assemblée de Dieu de BANDIAHI";"BANDIAHI";"Daloa";"Sassandra-Marahoué";"N/A";"DJE BI DJE RICHARD";"Oui"
"Côte d'Ivoire";"Assemblée de Dieu de BEKIPREA";"BEKIPREA";"Daloa";"Sassandra-Marahoué";"N/A";"KOFFI N'GUESSAN YANICK";"Oui"
"Côte d'Ivoire";"Assemblée de Dieu de GOGOGUHE";"GOGOGUHE";"Daloa";"Sassandra-Marahoué";"N/A";"BRIE YOMAN JEAN JACQUES";"Oui"
"Côte d'Ivoire";"Assemblée de Dieu de GOHIVILLE";"GOHIVILLE";"Daloa";"Sassandra-Marahoué";"N/A";"KONE ADAMA";"Oui"
"Côte d'Ivoire";"Assemblée de Dieu de GUIPIRI";"GUIPIRI";"Daloa";"Sassandra-Marahoué";"N/A";"GNUAN ATTIE LUC INNOCNET";"Oui"
"Côte d'Ivoire";"Assemblée de Dieu de IROGOGOUA";"IROGOGOUA";"Daloa";"Sassandra-Marahoué";"N/A";"KOUAME KOFFI APPOLINAIRE";"Oui"
"Côte d'Ivoire";"Assemblée de Dieu de LUENOUFLA";"LUENOUFLA";"Daloa";"Sassandra-Marahoué";"N/A";"ARRAH ASSAMOI VALERY";"Oui"
"Côte d'Ivoire";"Assemblée de Dieu de MONOKOZO�";"MONOKOZO�";"Daloa";"Sassandra-Marahoué";"N/A";"ITO JEAN CLAUDE";"Oui"
"Côte d'Ivoire";"Assemblée de Dieu de OUROUTA";"OUROUTA";"Daloa";"Sassandra-Marahoué";"N/A";"GBA� SAGUI THIERRY";"Oui"
"Côte d'Ivoire";"Assemblée de Dieu de ABONGOUA";"ABONGOUA";"Daoukro";"Lacs";"N/A";"N'GUESSAN GUIGRE JOSEPH";"Oui"
"Côte d'Ivoire";"Assemblée de Dieu de ANANDA";"ANANDA";"Daoukro";"Lacs";"N/A";"NOMAOU N'GUESSAN HAMIDOU";"Oui"
"Côte d'Ivoire";"Assemblée de Dieu de ARRAH-KOUADIOKRO";"ARRAH-KOUADIOKRO";"Daoukro";"Lacs";"N/A";"EHOUSSOU EMMANUEL KABLAN";"Oui"
"Côte d'Ivoire";"Assemblée de Dieu de ASSIE-AKPESSE";"ASSIE-AKPESSE";"Daoukro";"Lacs";"N/A";"KRA ATTA BARTHELEMY";"Oui"
"Côte d'Ivoire";"Assemblée de Dieu de BOUADIKRO";"BOUADIKRO";"Daoukro";"Lacs";"N/A";"KUYO DJEDJE CHARLES";"Oui"
"Côte d'Ivoire";"Assemblée de Dieu de FRONOBO";"FRONOBO";"Daoukro";"Lacs";"N/A";"OKOU  GRIGO HENRI FLORENT";"Oui"
"Côte d'Ivoire";"Assemblée de Dieu de KOFFI-AMONKRO";"KOFFI-AMONKRO";"Daoukro";"Lacs";"N/A";"OBEI BROU CONSTANT";"Oui"
"Côte d'Ivoire";"Assemblée de Dieu de N'GATTAKRO";"N'GATTAKRO";"Daoukro";"Lacs";"N/A";"N/A";"Oui"
"Côte d'Ivoire";"Assemblée de Dieu de N'GUESSANKRO";"N'GUESSANKRO";"Daoukro";"Lacs";"N/A";"GOORE BI DJESSAN NARCISSE";"Oui"
"Côte d'Ivoire";"Assemblée de Dieu de N'GUINOU";"N'GUINOU";"Daoukro";"Lacs";"N/A";"OBA PACOME";"Oui"
"Côte d'Ivoire";"Assemblée de Dieu de BROUDOUKOU-KPANDA";"BROUDOUKOU-KPANDA";"Divo";"Gôh-Djiboua";"N/A";"KODJOTCHY TANOE ABEL";"Oui"
"Côte d'Ivoire";"Assemblée de Dieu de CHIEPO";"CHIEPO";"Divo";"Gôh-Djiboua";"N/A";"KOUAME KOFFI SAMSON";"Oui"
"Côte d'Ivoire";"Assemblée de Dieu de CNRA";"CNRA";"Divo";"Gôh-Djiboua";"N/A";"ASSY BINGOU ETIENNE";"Oui"
"Côte d'Ivoire";"Assemblée de Dieu de DAIRO";"DAIRO";"Divo";"Gôh-Djiboua";"N/A";"MAH KESSE";"Oui"
"Côte d'Ivoire";"Assemblée de Dieu de DIDOKO";"DIDOKO";"Divo";"Gôh-Djiboua";"N/A";"PAUL-VALERY KOUASSI KOFFI";"Oui"
"Côte d'Ivoire";"Assemblée de Dieu de DIVO";"DIVO";"Divo";"Gôh-Djiboua";"N/A";"OULASSIE KEMONGOUEMON RAPHAEL - LOHOURIGNON BABOU MATHIEU";"Oui"
"Côte d'Ivoire";"Assemblée de Dieu de DIVO";"DIVO";"Divo";"Gôh-Djiboua";"N/A";"DIGBEU TOHOURI FULGENCE - DOULO BI DJEHI ALAIN SERGE";"Oui"
"Côte d'Ivoire";"Assemblée de Dieu de DIVO";"DIVO";"Divo";"Gôh-Djiboua";"N/A";"KOUASSI KONAN ANDRE -  KAKOU KAHKOU MANASSE";"Oui"
"Côte d'Ivoire";"Assemblée de Dieu de DIVO";"DIVO";"Divo";"Gôh-Djiboua";"N/A";"KAKOU KAHKOU MANASSE";"Oui"
"Côte d'Ivoire";"Assemblée de Dieu de DIVO";"DIVO";"Divo";"Gôh-Djiboua";"N/A";"KIPRE OUPOH";"Oui"
"Côte d'Ivoire";"Assemblée de Dieu de DIVO";"DIVO";"Divo";"Gôh-Djiboua";"N/A";"KAMBOU EVARISTE - KONE MONKIE";"Oui"
"Côte d'Ivoire";"Assemblée de Dieu de DIVO";"DIVO";"Divo";"Gôh-Djiboua";"N/A";"OUEDRAOGO ISSA CLAVER - KLANE BI KLANE GILBERT";"Oui"
"Côte d'Ivoire";"Assemblée de Dieu de DJIDJI";"DJIDJI";"Divo";"Gôh-Djiboua";"N/A";"GLAN DOUE MICHEL";"Oui"
"Côte d'Ivoire";"Assemblée de Dieu de DJOKO";"DJOKO";"Divo";"Gôh-Djiboua";"N/A";"KOKO DOGA";"Oui"
"Côte d'Ivoire";"Assemblée de Dieu de GLY";"GLY";"Divo";"Gôh-Djiboua";"N/A";"DAPRE ABOLOMA ISAAC - DOUAYOUA DRE ALAIN";"Oui"
"Côte d'Ivoire";"Assemblée de Dieu de GOGOBRO";"GOGOBRO";"Divo";"Gôh-Djiboua";"N/A";"GUEU DOMI FREDERIC";"Oui"
"Côte d'Ivoire";"Assemblée de Dieu de BAYOTA";"BAYOTA";"Gagnoa";"Gôh-Djiboua";"N/A";"NAGNIN KONE";"Oui"
"Côte d'Ivoire";"Assemblée de Dieu de BIAKOU";"BIAKOU";"Gagnoa";"Gôh-Djiboua";"N/A";"DAKPA TOMMY LOUIS ATHANASE";"Oui"
"Côte d'Ivoire";"Assemblée de Dieu de BRIHI";"BRIHI";"Gagnoa";"Gôh-Djiboua";"N/A";"DOUE DINDIA FIRMIN";"Oui"
"Côte d'Ivoire";"Assemblée de Dieu de DABOUYO 3";"DABOUYO 3";"Gagnoa";"Gôh-Djiboua";"N/A";"BROU KOUASSI JOSEPH";"Oui"
"Côte d'Ivoire";"Assemblée de Dieu de DIGNAGO";"DIGNAGO";"Gagnoa";"Gôh-Djiboua";"N/A";"KOUASSI KOUAKOU";"Oui"
"Côte d'Ivoire";"Assemblée de Dieu de DOUGROU-PALEGNOA";"DOUGROU-PALEGNOA";"Gagnoa";"Gôh-Djiboua";"N/A";"KOUAKOU ANATOLE";"Oui"
"Côte d'Ivoire";"Assemblée de Dieu de GAGNOA";"GAGNOA";"Gagnoa";"Gôh-Djiboua";"N/A";"KABORE BOUKARI MOISE - YAO KOUASSI BLAISE";"Oui"
"Côte d'Ivoire";"Assemblée de Dieu de GAGNOA";"GAGNOA";"Gagnoa";"Gôh-Djiboua";"N/A";"WAH KOUYA";"Oui"
"Côte d'Ivoire";"Assemblée de Dieu de GAGNOA";"GAGNOA";"Gagnoa";"Gôh-Djiboua";"N/A";"DJAHE MAHAN PASCAL - DEZA LAKO JEAN";"Oui"
"Côte d'Ivoire";"Assemblée de Dieu de GAGNOA";"GAGNOA";"Gagnoa";"Gôh-Djiboua";"N/A";"AKO BROU FELIX";"Oui"
"Côte d'Ivoire";"Assemblée de Dieu de GAGNOA";"GAGNOA";"Gagnoa";"Gôh-Djiboua";"N/A";"HIEN WOFO";"Oui"
"Côte d'Ivoire";"Assemblée de Dieu de GAGNOA";"GAGNOA";"Gagnoa";"Gôh-Djiboua";"N/A";"MOISE ZONGO - BROU KOUASSI BRUNO";"Oui"
"Côte d'Ivoire";"Assemblée de Dieu de GALEBRE";"GALEBRE";"Gagnoa";"Gôh-Djiboua";"N/A";"VE SEROU YVES";"Oui"
"Côte d'Ivoire";"Assemblée de Dieu de GODELILIE";"GODELILIE";"Gagnoa";"Gôh-Djiboua";"N/A";"KODJO TANOE KODJALEY NAZAIRE";"Oui"
"Côte d'Ivoire";"Assemblée de Dieu de GUEMENEDOU";"GUEMENEDOU";"Gagnoa";"Gôh-Djiboua";"N/A";"SEY ERIC NICAISE";"Oui"
"Côte d'Ivoire";"Assemblée de Dieu de BANGOLO";"BANGOLO";"Guiglo";"Montagnes";"N/A";"DIBI YAO GBRI PASCAL";"Oui"
"Côte d'Ivoire";"Assemblée de Dieu de BLOLEQUIN";"BLOLEQUIN";"Guiglo";"Montagnes";"N/A";"KADJO BROU NARCISSE";"Oui"
"Côte d'Ivoire";"Assemblée de Dieu de C.I.B";"C.I.B";"Guiglo";"Montagnes";"N/A";"MONNEY KIMOU JUSTIN ST";"Oui"
"Côte d'Ivoire";"Assemblée de Dieu de DIEOUZON CENTRE";"DIEOUZON CENTRE";"Guiglo";"Montagnes";"N/A";"DOUZA ROGER BASILE";"Oui"
"Côte d'Ivoire";"Assemblée de Dieu de DUEKOUE";"DUEKOUE";"Guiglo";"Montagnes";"N/A";"DJO SEVERIN";"Oui"
"Côte d'Ivoire";"Assemblée de Dieu de DUEKOUE";"DUEKOUE";"Guiglo";"Montagnes";"N/A";"YONLI DIADA - KINIDOHOUN VALENTIN";"Oui"
"Côte d'Ivoire";"Assemblée de Dieu de DUEKOUE";"DUEKOUE";"Guiglo";"Montagnes";"N/A";"GOH ALEXIS - KIPRE PIERRE";"Oui"
"Côte d'Ivoire";"Assemblée de Dieu de GBAPLEU";"GBAPLEU";"Guiglo";"Montagnes";"N/A";"YAMEOGO ANTOINE";"Oui"
"Côte d'Ivoire";"Assemblée de Dieu de GOHOUO ZAGNA";"GOHOUO ZAGNA";"Guiglo";"Montagnes";"N/A";"FEZAN BI FEZAN FLAVIEN";"Oui"
"Côte d'Ivoire";"Assemblée de Dieu de GUEHEBLY";"GUEHEBLY";"Guiglo";"Montagnes";"N/A";"ZEOUA BI IRIE BENJAMIN";"Oui"
"Côte d'Ivoire";"Assemblée de Dieu de GUEZON";"GUEZON";"Guiglo";"Montagnes";"N/A";"YAO KOUAKOU ADAYE";"Oui"
"Côte d'Ivoire";"Assemblée de Dieu de GUIGLO";"GUIGLO";"Guiglo";"Montagnes";"N/A";"FRAN GOZE ANTOINE - AMANI KOFFI ANTOINE";"Oui"
"Côte d'Ivoire";"Assemblée de Dieu de GUIGLO";"GUIGLO";"Guiglo";"Montagnes";"N/A";"KOUADIO KOUASSI";"Oui"
"Côte d'Ivoire";"Assemblée de Dieu de BOUNDIALI";"BOUNDIALI";"Korhogo";"Savanes";"N/A";"KYELEM MATHIAS";"Oui"
"Côte d'Ivoire";"Assemblée de Dieu de DIANRA";"DIANRA";"Korhogo";"Savanes";"N/A";"NEGONE BI HUE FELIX";"Oui"
"Côte d'Ivoire";"Assemblée de Dieu de DIKODOUGOU";"DIKODOUGOU";"Korhogo";"Savanes";"N/A";"KOUAKOU CHRISTOPHE";"Oui"
"Côte d'Ivoire";"Assemblée de Dieu de FERKESSEDOUGOU";"FERKESSEDOUGOU";"Korhogo";"Savanes";"N/A";"SAVADOGO JEREMIE - BLE GNOKA";"Oui"
"Côte d'Ivoire";"Assemblée de Dieu de GOULIA";"GOULIA";"Korhogo";"Savanes";"N/A";"KOUADIO KOUADIO BERNARD";"Oui"
"Côte d'Ivoire";"Assemblée de Dieu de KOLIA";"KOLIA";"Korhogo";"Savanes";"N/A";"KOUAKOU KOUASSI DAVID";"Oui"
"Côte d'Ivoire";"Assemblée de Dieu de KASSERE";"KASSERE";"Korhogo";"Savanes";"N/A";"DIDIA MARCEL";"Oui"
"Côte d'Ivoire";"Assemblée de Dieu de KORHOGO";"KORHOGO";"Korhogo";"Savanes";"N/A";"YOUAN BI YOUAN - LAGO FRANCK DIDIER - KOULAI ALPHONSE";"Oui"
"Côte d'Ivoire";"Assemblée de Dieu de KORHOGO";"KORHOGO";"Korhogo";"Savanes";"N/A";"KPAI TIETEMON SIMEON";"Oui"
"Côte d'Ivoire";"Assemblée de Dieu de KORHOGO";"KORHOGO";"Korhogo";"Savanes";"N/A";"AIME JULIEN";"Oui"
"Côte d'Ivoire";"Assemblée de Dieu de KOUTO";"KOUTO";"Korhogo";"Savanes";"N/A";"OUEDRAOGO DAVID";"Oui"
"Côte d'Ivoire";"Assemblée de Dieu de M�€™BENGUE";"M�€™BENGUE";"Korhogo";"Savanes";"N/A";"ADOUKO REMI DIEUDONNE ASSOHOUN";"Oui"
"Côte d'Ivoire";"Assemblée de Dieu de BANNEU";"BANNEU";"Man";"Montagnes";"N/A";"AMOIKON AMAN";"Oui"
"Côte d'Ivoire";"Assemblée de Dieu de BIANKOUMA";"BIANKOUMA";"Man";"Montagnes";"N/A";"GORO KAMBOU";"Oui"
"Côte d'Ivoire";"Assemblée de Dieu de BIN-HOUYE";"BIN-HOUYE";"Man";"Montagnes";"N/A";"ZOKOU ROBERT";"Oui"
"Côte d'Ivoire";"Assemblée de Dieu de BLAPLEU";"BLAPLEU";"Man";"Montagnes";"N/A";"KOMO KOBENAN";"Oui"
"Côte d'Ivoire";"Assemblée de Dieu de BOGOUINE";"BOGOUINE";"Man";"Montagnes";"N/A";"LOUE JEAN RODRIGUE";"Oui"
"Côte d'Ivoire";"Assemblée de Dieu de BOROTOU-KORO";"BOROTOU-KORO";"Man";"Montagnes";"N/A";"KOUAME N�€™GUESSAN MARCELLIN";"Oui"
"Côte d'Ivoire";"Assemblée de Dieu de DALEU";"DALEU";"Man";"Montagnes";"N/A";"DJAHA KOUAKOU HERVE";"Oui"
"Côte d'Ivoire";"Assemblée de Dieu de DANANE";"DANANE";"Man";"Montagnes";"N/A";"KATA NOMAN ALEXANDRE - OUATTARA KESSION - KOUASSI KOFFI";"Oui"
"Côte d'Ivoire";"Assemblée de Dieu de FACOBLY";"FACOBLY";"Man";"Montagnes";"N/A";"NITIEMA JEAN";"Oui"
"Côte d'Ivoire";"Assemblée de Dieu de GBANGBEGOUINE";"GBANGBEGOUINE";"Man";"Montagnes";"N/A";"GNAGNE IDJA DESIRE";"Oui"
"Côte d'Ivoire";"Assemblée de Dieu de BLAHOU";"BLAHOU";"San Pedro";"Bas-Sassandra";"N/A";"YOBOUET KOUASSI JACOB";"Oui"
"Côte d'Ivoire";"Assemblée de Dieu de BRAZZAVILLE (GABIADJI)";"BRAZZAVILLE (GABIADJI)";"San Pedro";"Bas-Sassandra";"N/A";"SIBY THANDET RODRIGUE";"Oui"
"Côte d'Ivoire";"Assemblée de Dieu de CORRIDOR 3S (SOTREF)";"CORRIDOR 3S (SOTREF)";"San Pedro";"Bas-Sassandra";"N/A";"KOUAME KOFFI SAMSON";"Oui"
"Côte d'Ivoire";"Assemblée de Dieu de DJAPADJI";"DJAPADJI";"San Pedro";"Bas-Sassandra";"N/A";"YAO KOUADIO FREDERIC";"Oui"
"Côte d'Ivoire";"Assemblée de Dieu de GAGNY";"GAGNY";"San Pedro";"Bas-Sassandra";"N/A";"NAHOUNOU AMINI ZEPHIRIN";"Oui"
"Côte d'Ivoire";"Assemblée de Dieu de GROBONOU-DAN (GABIADJI)";"GROBONOU-DAN (GABIADJI)";"San Pedro";"Bas-Sassandra";"N/A";"DATCHIO PASSANE FRANCOIS";"Oui"
"Côte d'Ivoire";"Assemblée de Dieu de KPOTE";"KPOTE";"San Pedro";"Bas-Sassandra";"N/A";"N'GUESSAN N'GUESSAN CELESTIN";"Oui"
"Côte d'Ivoire";"Assemblée de Dieu de KREMOUE COLAS";"KREMOUE COLAS";"San Pedro";"Bas-Sassandra";"N/A";"KONE WAONAMA KEVIN";"Oui"
"Côte d'Ivoire";"Assemblée de Dieu de NABOVILLE";"NABOVILLE";"San Pedro";"Bas-Sassandra";"N/A";"ATTUOMAN KACOU JEAN CLAUDE";"Oui"
"Côte d'Ivoire";"Assemblée de Dieu de SAINTE MARIE";"SAINTE MARIE";"San Pedro";"Bas-Sassandra";"N/A";"GNABOA DJAH PHILIPPE";"Oui"
"Côte d'Ivoire";"Assemblée de Dieu de ADEBEM";"ADEBEM";"Sassandra";"Bas-Sassandra";"N/A";"KOUAME KOUTOUA SIMPLICE";"Oui"
"Côte d'Ivoire";"Assemblée de Dieu de BOLO V3";"BOLO V3";"Sassandra";"Bas-Sassandra";"N/A";"BANDAMAN KOUAME HONORE";"Oui"
"Côte d'Ivoire";"Assemblée de Dieu de BOLO SIPEF-CI";"BOLO SIPEF-CI";"Sassandra";"Bas-Sassandra";"N/A";"NEBIE BELERE";"Oui"
"Côte d'Ivoire";"Assemblée de Dieu de CANTONDOUGOU";"CANTONDOUGOU";"Sassandra";"Bas-Sassandra";"N/A";"KOFFI KOFFI SEVERIN";"Oui"
"Côte d'Ivoire";"Assemblée de Dieu de CARREFOUR - NIANI";"CARREFOUR - NIANI";"Sassandra";"Bas-Sassandra";"N/A";"SEKA ASSI BASILE";"Oui"
"Côte d'Ivoire";"Assemblée de Dieu de DAKPADOU";"DAKPADOU";"Sassandra";"Bas-Sassandra";"N/A";"ABOUSSOU MARC";"Oui"
"Côte d'Ivoire";"Assemblée de Dieu de DASSIOKO";"DASSIOKO";"Sassandra";"Bas-Sassandra";"N/A";"KONE KOLOTCHOLOMA";"Oui"
"Côte d'Ivoire";"Assemblée de Dieu de FRESCO";"FRESCO";"Sassandra";"Bas-Sassandra";"N/A";"SIKABE SIP OMAR - SEREBO DIDIER EMMANUEL";"Oui"
"Côte d'Ivoire";"Assemblée de Dieu de GAOULOU";"GAOULOU";"Sassandra";"Bas-Sassandra";"N/A";"BROU BONY LEONCE";"Oui"
"Côte d'Ivoire";"Assemblée de Dieu de GBAGBAM";"GBAGBAM";"Sassandra";"Bas-Sassandra";"N/A";"MAIZANE KOUAME BADOU";"Oui"
"Côte d'Ivoire";"Assemblée de Dieu de BONOUFLA";"BONOUFLA";"Séguéla";"Woroba";"N/A";"ALAMPOA TIGAHIRE MATHIAS";"Oui"
"Côte d'Ivoire";"Assemblée de Dieu de MANFLA";"MANFLA";"Séguéla";"Woroba";"N/A";"KABA TIEMOKO";"Oui"
"Côte d'Ivoire";"Assemblée de Dieu de GOHITAFLA";"GOHITAFLA";"Séguéla";"Woroba";"N/A";"ZADDY SAMUEL";"Oui"
"Côte d'Ivoire";"Assemblée de Dieu de KANI";"KANI";"Séguéla";"Woroba";"N/A";"OUATTARA ALI SILAS";"Oui"
"Côte d'Ivoire";"Assemblée de Dieu de MANKONO";"MANKONO";"Séguéla";"Woroba";"N/A";"YOBOUET YOBA JEAN MICHEL";"Oui"
"Côte d'Ivoire";"Assemblée de Dieu de PELEZI";"PELEZI";"Séguéla";"Woroba";"N/A";"FALLE YVES PRIVAT";"Oui"
"Côte d'Ivoire";"Assemblée de Dieu de SEGUELA";"SEGUELA";"Séguéla";"Woroba";"N/A";"OUEDRAOGO AMADOU VINCENT - GBONNAHO SERGE YAROU";"Oui"
"Côte d'Ivoire";"Assemblée de Dieu de SIFCI";"SIFCI";"Séguéla";"Woroba";"N/A";"KIMOU SEKA PAULIN";"Oui"
"Côte d'Ivoire";"Assemblée de Dieu de VAAFLA";"VAAFLA";"Séguéla";"Woroba";"N/A";"KANAN CONSTANTIN ZE SERGE";"Oui"
"Côte d'Ivoire";"Assemblée de Dieu de VAVOUA";"VAVOUA";"Séguéla";"Woroba";"N/A";"BINDET ASSOUMOU - SERI DONWAHI EDMOND FULGENCE -OWENA SANA GAUDENS";"Oui"
"Côte d'Ivoire";"Assemblée de Dieu de VAVOUA";"VAVOUA";"Séguéla";"Woroba";"N/A";"KANE KAMONGO ELIE";"Oui"
"Côte d'Ivoire";"Assemblée de Dieu de ITP-CAMPUS";"ITP-CAMPUS";"Sikensi";"Lagunes";"N/A";"GNANCHOU BECHIE DESIRE - N�€™GUESSAN KOUAME ANICET";"Oui"
"Côte d'Ivoire";"Assemblée de Dieu de ABOUDE MANDEKE";"ABOUDE MANDEKE";"Sikensi";"Lagunes";"N/A";"KOUAME YAO JULES";"Oui"
"Côte d'Ivoire";"Assemblée de Dieu de AGNIMANGBO";"AGNIMANGBO";"Sikensi";"Lagunes";"N/A";"KOALA N�€™GORAN ADAMA THOMAS";"Oui"
"Côte d'Ivoire";"Assemblée de Dieu de AMANI-MENOU";"AMANI-MENOU";"Sikensi";"Lagunes";"N/A";"GNAHOUA DAYORO JOACHIM";"Oui"
"Côte d'Ivoire";"Assemblée de Dieu de AWATI";"AWATI";"Sikensi";"Lagunes";"N/A";"MEA KENAN ARMEL";"Oui"
"Côte d'Ivoire";"Assemblée de Dieu de BACANDA";"BACANDA";"Sikensi";"Lagunes";"N/A";"KOUAME KONAN JOACHIM";"Oui"
"Côte d'Ivoire";"Assemblée de Dieu de BADASSO";"BADASSO";"Sikensi";"Lagunes";"N/A";"GOULY BOUAZO THEOPHILE";"Oui"
"Côte d'Ivoire";"Assemblée de Dieu de BAKANOU A";"BAKANOU A";"Sikensi";"Lagunes";"N/A";"TAPLEY GAHA JEAN";"Oui"
"Côte d'Ivoire";"Assemblée de Dieu de BAKANOU B";"BAKANOU B";"Sikensi";"Lagunes";"N/A";"NYAMIKE MIEZAN ADJANVO";"Oui"
"Côte d'Ivoire";"Assemblée de Dieu de BECEDI";"BECEDI";"Sikensi";"Lagunes";"N/A";"KORE EMMANUEL";"Oui"
"Côte d'Ivoire";"Assemblée de Dieu de BALEYO";"BALEYO";"Soubré";"Bas-Sassandra";"N/A";"GUISSA KOUBA ZOHOURY JOEL";"Oui"
"Côte d'Ivoire";"Assemblée de Dieu de BUYO";"BUYO";"Soubré";"Bas-Sassandra";"N/A";"N/A";"Oui"
"Côte d'Ivoire";"Assemblée de Dieu de BUYO";"BUYO";"Soubré";"Bas-Sassandra";"N/A";"GNAHOUAN AHOUA";"Oui"
"Côte d'Ivoire";"Assemblée de Dieu de BUYO";"BUYO";"Soubré";"Bas-Sassandra";"N/A";"DJAHA KOUAME H.";"Oui"
"Côte d'Ivoire";"Assemblée de Dieu de BUYO";"BUYO";"Soubré";"Bas-Sassandra";"N/A";"GNAGO LEGRE ALAIN";"Oui"
"Côte d'Ivoire";"Assemblée de Dieu de DAPEOUA";"DAPEOUA";"Soubré";"Bas-Sassandra";"N/A";"TOAN BI YOUO B.";"Oui"
"Côte d'Ivoire";"Assemblée de Dieu de BUYO RAPHAELKRO";"BUYO RAPHAELKRO";"Soubré";"Bas-Sassandra";"N/A";"LOBOGNON GRAH BRICE";"Oui"
"Côte d'Ivoire";"Assemblée de Dieu de DOBRE";"DOBRE";"Soubré";"Bas-Sassandra";"N/A";"GUETAPE LAGO I.";"Oui"
"Côte d'Ivoire";"Assemblée de Dieu de GADAGO";"GADAGO";"Soubré";"Bas-Sassandra";"N/A";"KOUAME KONAN S.";"Oui"
"Côte d'Ivoire";"Assemblée de Dieu de GBAKAYO";"GBAKAYO";"Soubré";"Bas-Sassandra";"N/A";"ZERE JACQUES";"Oui"
"Côte d'Ivoire";"Assemblée de Dieu de GBALEGUHE";"GBALEGUHE";"Soubré";"Bas-Sassandra";"N/A";"YAO KOUAKOU CLOVIS CLOVER";"Oui"
"Côte d'Ivoire";"Assemblée de Dieu de GNIPI II";"GNIPI II";"Soubré";"Bas-Sassandra";"N/A";"KOUAKOU KOFFI";"Oui"
"Côte d'Ivoire";"Assemblée de Dieu de GRAND ZATTRY";"GRAND ZATTRY";"Soubré";"Bas-Sassandra";"N/A";"SAWADOGO MANEGUISSOM - SILUE FANAFOHOUA";"Oui"
"Côte d'Ivoire";"Assemblée de Dieu de ADJAMENE";"ADJAMENE";"Tabou";"Bas-Sassandra";"N/A";"HOUENI ZAGBOBRA ALEXIS";"Oui"
"Côte d'Ivoire";"Assemblée de Dieu de BEOUE / DJIROUTOU";"BEOUE / DJIROUTOU";"Tabou";"Bas-Sassandra";"N/A";"DJE KOUAME ACHILLE";"Oui"
"Côte d'Ivoire";"Assemblée de Dieu de BLIDOUBA";"BLIDOUBA";"Tabou";"Bas-Sassandra";"N/A";"BAZAR BERNARD";"Oui"
"Côte d'Ivoire";"Assemblée de Dieu de DJAMANDIOKE";"DJAMANDIOKE";"Tabou";"Bas-Sassandra";"N/A";"YAO KOUAKOU MODESTE";"Oui"
"Côte d'Ivoire";"Assemblée de Dieu de DJOUROUTOU";"DJOUROUTOU";"Tabou";"Bas-Sassandra";"N/A";"GODI CONSTANT STANISLAS";"Oui"
"Côte d'Ivoire";"Assemblée de Dieu de DOGBO";"DOGBO";"Tabou";"Bas-Sassandra";"N/A";"KAMBIRE KPARKITE";"Oui"
"Côte d'Ivoire";"Assemblée de Dieu de GNATO";"GNATO";"Tabou";"Bas-Sassandra";"N/A";"KABRE EMILE";"Oui"
"Côte d'Ivoire";"Assemblée de Dieu de GNEPASSO";"GNEPASSO";"Tabou";"Bas-Sassandra";"N/A";"N'CHO MORIE PARFAIT";"Oui"
"Côte d'Ivoire";"Assemblée de Dieu de GRABO";"GRABO";"Tabou";"Bas-Sassandra";"N/A";"GNONSON BONI NEBALY DOMINIQUE - AVI BEUGRE MARTIAL OLIVIER - MIDIME  KRA BERNARD";"Oui"
"Côte d'Ivoire";"Assemblée de Dieu de ATTIEGOUAKRO";"ATTIEGOUAKRO";"Yamoussoukro";"Yamoussoukro";"N/A";"KOFFI N'GUESSAN RAYMOND";"Oui"
"Côte d'Ivoire";"Assemblée de Dieu de BAZRE";"BAZRE";"Yamoussoukro";"Yamoussoukro";"N/A";"SARO SIDIBE";"Oui"
"Côte d'Ivoire";"Assemblée de Dieu de BENGASSOU";"BENGASSOU";"Yamoussoukro";"Yamoussoukro";"N/A";"YAO KOFFI AKROU ETIENNE";"Oui"
"Côte d'Ivoire";"Assemblée de Dieu de BLEANIANDA / BOCANDA";"BLEANIANDA / BOCANDA";"Yamoussoukro";"Yamoussoukro";"N/A";"N'GORAN KONAN JEAN RAPHAEL";"Oui"
"Côte d'Ivoire";"Assemblée de Dieu de BLEANIANDA / DIEGONEFLA";"BLEANIANDA / DIEGONEFLA";"Yamoussoukro";"Yamoussoukro";"N/A";"KONAN CONSTANTIN ZE SERGE";"Oui"
"Côte d'Ivoire";"Assemblée de Dieu de BOCANDA";"BOCANDA";"Yamoussoukro";"Yamoussoukro";"N/A";"ZIMBRIL BROU OLIVIER - BANDAMAN KOUAME HONORE";"Oui"
"Côte d'Ivoire";"Assemblée de Dieu de BOLIGARE";"BOLIGARE";"Yamoussoukro";"Yamoussoukro";"N/A";"KOUABLAN EDOUKOU FULBERT  / KOUAKOU KOUAME JEAN MARIE";"Oui"
"Côte d'Ivoire";"Assemblée de Dieu de BRONDA";"BRONDA";"Yamoussoukro";"Yamoussoukro";"N/A";"SERI ORO FRANCIS";"Oui"
"Côte d'Ivoire";"Assemblée de Dieu de BROUZAN";"BROUZAN";"Yamoussoukro";"Yamoussoukro";"N/A";"AYE KOUASSI EMMANUEL";"Oui"
"Côte d'Ivoire";"Assemblée de Dieu de DIDIEVI";"DIDIEVI";"Yamoussoukro";"Yamoussoukro";"N/A";"BAGNAE BRUNO - KOUAME KONAN SYLVAIN";"Oui"